bejig,hdqrs,fconv,ampyx,klutz
bejig,chump,vrows,fldxt,knyaz
bejig,quack,vrows,fldxt,nymph
bejig,supvr,mowch,fldxt,knyaz
fjeld,gunks,chivw,ampyx,bortz
bleck,vingt,frows,japyx,zhmud
flack,hdqrs,jumbo,vingt,expwy
flack,hdqrs,vibex,jowpy,muntz
fleck,vingt,brows,japyx,zhmud
glack,hdqrs,vibex,jowpy,muntz
flick,hdqrs,bowge,japyx,muntz
flick,hdqrs,twang,bumpy,vejoz
bigam,hdqrs,fconv,expwy,klutz
chimb,fjord,vangs,expwy,klutz
chimb,pungs,fldxt,rawky,vejoz
chimb,spung,fldxt,rawky,vejoz
chimb,rungs,fldxt,pawky,vejoz
chimb,sprug,fldxt,wanky,vejoz
chimb,snurp,fldxt,gawky,vejoz
chimb,spurn,fldxt,gawky,vejoz
chimb,warks,fldxt,pungy,vejoz
chimb,warps,fldxt,gunky,vejoz
chimb,warps,fldxt,kyung,vejoz
chimb,wraps,fldxt,gunky,vejoz
chimb,wraps,fldxt,kyung,vejoz
chimb,swung,fldxt,parky,vejoz
jambe,qophs,wrung,fldxt,vicky
jambe,supvr,whick,fldxt,zygon
jambe,supvr,chowk,fldxt,zingy
jambe,chivw,fldxt,punky,grosz
flamb,hdqrs,twick,pungy,vejoz
flamb,chivw,expdt,junky,grosz
flegm,bocks,thruv,japyx,windz
flegm,dunks,chivw,japyx,bortz
bench,jumps,fldxt,gawky,vizor
bench,gawks,fldxt,jumpy,vizor
bench,quawk,fldxt,jimpy,grosz
bhang,crump,fldxt,skiwy,vejoz
bhang,rumps,fldxt,wicky,vejoz
bhang,wrick,fldxt,spumy,vejoz
bhang,swick,fldxt,rumpy,vejoz
bhang,wicks,fldxt,rumpy,vejoz
chang,mirvs,fldxt,jowpy,uzbek
ganch,mirvs,fldxt,jowpy,uzbek
chang,vrows,fldxt,jimpy,uzbek
ganch,vrows,fldxt,jimpy,uzbek
cheng,mirvs,fldxt,jowpy,uzbak
cheng,vrows,fldxt,jimpy,uzbak
ching,bumps,fldxt,rawky,vejoz
ching,burps,fldxt,mawky,vejoz
ching,wramp,fldxt,busky,vejoz
ching,warks,fldxt,bumpy,vejoz
bejan,whump,fldxt,vicky,grosz
baken,chivw,fldxt,jumpy,grosz
chank,mirvs,fldxt,jowpy,uzbeg
chank,vrows,fldxt,jimpy,uzbeg
kench,jumps,fldxt,gawby,vizor
chink,rumps,fldxt,gawby,vejoz
kinch,rumps,fldxt,gawby,vejoz
chink,swamp,fldxt,rugby,vejoz
kinch,swamp,fldxt,rugby,vejoz
chink,warps,fldxt,gumby,vejoz
chink,wraps,fldxt,gumby,vejoz
kinch,warps,fldxt,gumby,vejoz
kinch,wraps,fldxt,gumby,vejoz
flang,hdqrs,twick,bumpy,vejoz
flank,chivw,expdt,jumby,grosz
glink,fdubs,crwth,ampyx,vejoz
kling,fdubs,crwth,ampyx,vejoz
jakob,chump,fldxt,wyver,zings
jakob,sprug,chivw,fldxt,enzym
jacko,bumph,fldxt,wyver,zings
jacko,verbs,whump,fldxt,zingy
jacko,whump,fldxt,verby,zings
block,fremt,vughs,japyx,windz
flock,hdqrs,jumba,vingt,expwy
flock,hdqrs,bewig,japyx,muntz
flock,hdqrs,twang,vibex,jumpy
flock,vingt,brews,japyx,zhmud
flong,verbs,twick,japyx,zhmud
flong,twick,pbxes,jarvy,zhmud
klong,jambs,chivw,expdt,furzy
klong,chivw,expdt,jumby,zarfs
champ,brusk,fldxt,wingy,vejoz
champ,wring,fldxt,busky,vejoz
champ,swink,fldxt,rugby,vejoz
champ,winks,fldxt,rugby,vejoz
champ,swung,fldxt,birky,vejoz
champ,swung,fldxt,kirby,vejoz
chimp,bungs,fldxt,rawky,vejoz
chimp,burgs,fldxt,wanky,vejoz
chimp,grubs,fldxt,wanky,vejoz
chimp,burns,fldxt,gawky,vejoz
chimp,knurs,fldxt,gawby,vejoz
chimp,verbs,quawk,fldxt,zygon
chimp,wrang,fldxt,busky,vejoz
chimp,gawks,fldxt,burny,vejoz
chimp,gawks,fldxt,runby,vejoz
chimp,swank,fldxt,rugby,vejoz
chimp,gowns,fldxt,jarvy,uzbek
chimp,knows,fldxt,jarvy,uzbeg
chimp,snowk,fldxt,jarvy,uzbeg
chimp,swonk,fldxt,jarvy,uzbeg
chimp,braws,fldxt,gunky,vejoz
chimp,braws,fldxt,kyung,vejoz
chimp,warks,fldxt,bungy,vejoz
chimp,quawk,fldxt,benjy,grosz
chimp,swung,fldxt,barky,vejoz
chimp,swung,fldxt,braky,vejoz
lampf,hdqrs,twick,bungy,vejoz
flimp,hdqrs,twang,bucky,vejoz
pinch,burgs,fldxt,mawky,vejoz
pinch,grubs,fldxt,mawky,vejoz
pinch,murks,fldxt,gawby,vejoz
pinch,gawks,fldxt,bryum,vejoz
pinch,mawks,fldxt,rugby,vejoz
pinch,warks,fldxt,gumby,vejoz
knape,chivw,fldxt,jumby,grosz
pekan,chivw,fldxt,jumby,grosz
kopje,vughs,brawn,fldxt,zymic
fcomp,hdqrs,vibex,gunky,waltz
fcomp,hdqrs,vibex,kyung,waltz
fcomp,hdqrs,vibex,junky,waltz
fcomp,hdqrs,vixen,gawby,klutz
chomp,verbs,quawk,fldxt,zingy
chomp,swing,fldxt,jarvy,uzbek
chomp,wings,fldxt,jarvy,uzbek
chomp,swink,fldxt,jarvy,uzbeg
chomp,winks,fldxt,jarvy,uzbeg
chomp,quawk,fldxt,verby,zings
bargh,numps,fldxt,wicky,vejoz
birch,pungs,fldxt,mawky,vejoz
birch,spung,fldxt,mawky,vejoz
birch,numps,fldxt,gawky,vejoz
birch,mawks,fldxt,pungy,vejoz
birch,swamp,fldxt,gunky,vejoz
birch,swamp,fldxt,kyung,vejoz
brack,humps,fldxt,wingy,vejoz
brack,sumph,fldxt,wingy,vejoz
brack,jives,whump,fldxt,zygon
brack,vughs,fldxt,jowpy,mizen
brack,vughs,fldxt,jowpy,zemni
brack,whing,fldxt,spumy,vejoz
brack,whims,fldxt,pungy,vejoz
brack,swing,fldxt,humpy,vejoz
brack,wings,fldxt,humpy,vejoz
brack,whips,fldxt,mungy,vejoz
brack,whisp,fldxt,mungy,vejoz
baker,jumps,chivw,fldxt,zygon
brake,jumps,chivw,fldxt,zygon
break,jumps,chivw,fldxt,zygon
kebar,jumps,chivw,fldxt,zygon
breck,vingt,flows,japyx,zhmud
breck,vingt,fowls,japyx,zhmud
breck,vingt,wolfs,japyx,zhmud
breck,vughs,fldxt,jowpy,nazim
breck,vughs,fldxt,jowpy,nizam
frack,vingt,pbxes,jowly,zhmud
freck,bovld,whigs,japyx,muntz
freck,vingt,blows,japyx,zhmud
freck,vingt,bowls,japyx,zhmud
chark,bumps,fldxt,wingy,vejoz
karch,bumps,fldxt,wingy,vejoz
chark,swing,fldxt,bumpy,vejoz
chark,wings,fldxt,bumpy,vejoz
karch,swing,fldxt,bumpy,vejoz
karch,wings,fldxt,bumpy,vejoz
brick,quags,fldxt,nymph,vejoz
brick,whang,fldxt,spumy,vejoz
brick,shawm,fldxt,pungy,vejoz
brick,whams,fldxt,pungy,vejoz
brick,gnaws,fldxt,humpy,vejoz
brick,swang,fldxt,humpy,vejoz
brick,pshaw,fldxt,mungy,vejoz
brick,whaps,fldxt,mungy,vejoz
brick,whump,fldxt,gansy,vejoz
brick,whump,fldxt,yangs,vejoz
brick,swung,fldxt,yamph,vejoz
brick,swung,fldxt,pamhy,vejoz
brick,swung,fldxt,phyma,vejoz
brick,squaw,fldxt,nymph,vejoz
chirk,numps,fldxt,gawby,vejoz
chirk,gnaws,fldxt,bumpy,vejoz
chirk,swang,fldxt,bumpy,vejoz
chirk,swamp,fldxt,bungy,vejoz
chirk,pawns,fldxt,gumby,vejoz
chirk,spawn,fldxt,gumby,vejoz
dhikr,jambs,gconv,expwy,fultz
fremd,bongs,chivw,japyx,klutz
brahm,pucks,fldxt,wingy,vejoz
brahm,pungs,fldxt,wicky,vejoz
brahm,spung,fldxt,wicky,vejoz
brahm,swick,fldxt,pungy,vejoz
brahm,wicks,fldxt,pungy,vejoz
brahm,swung,fldxt,picky,vejoz
chirm,bungs,fldxt,pawky,vejoz
chirm,punks,fldxt,gawby,vejoz
chirm,spunk,fldxt,gawby,vejoz
chirm,vangs,fldxt,jowpy,uzbek
crang,bumph,fldxt,skiwy,vejoz
crang,whisk,fldxt,bumpy,vejoz
bring,chums,fldxt,pawky,vejoz
bring,humps,fldxt,cawky,vejoz
bring,humps,fldxt,wacky,vejoz
bring,sumph,fldxt,cawky,vejoz
bring,sumph,fldxt,wacky,vejoz
bring,chawk,fldxt,spumy,vejoz
bring,whack,fldxt,spumy,vejoz
bring,whamp,fldxt,yucks,vejoz
bring,swack,fldxt,humpy,vejoz
bring,wacks,fldxt,humpy,vejoz
bring,pshaw,fldxt,mucky,vejoz
bring,whaps,fldxt,mucky,vejoz
bring,whump,fldxt,casky,vejoz
bring,whump,fldxt,yacks,vejoz
bring,quawk,fldxt,psych,vejoz
rinch,bumps,fldxt,gawky,vejoz
rinch,gawks,fldxt,bumpy,vejoz
crank,whigs,fldxt,bumpy,vejoz
crank,whips,fldxt,gumby,vejoz
crank,whisp,fldxt,gumby,vejoz
brink,chump,fldxt,gawsy,vejoz
crink,bumph,fldxt,gawsy,vejoz
crink,humps,fldxt,gawby,vejoz
crink,sumph,fldxt,gawby,vejoz
crink,pshaw,fldxt,gumby,vejoz
crink,whaps,fldxt,gumby,vejoz
gerbo,jumps,chivw,fldxt,knyaz
grebo,jumps,chivw,fldxt,knyaz
borgh,jumps,fldxt,vicky,wanze
brogh,jumps,fldxt,vicky,wanze
ghbor,jumps,fldxt,vicky,wanze
fjord,gucks,vibex,nymph,waltz
fjord,swack,vibex,glyph,muntz
fjord,wacks,vibex,glyph,muntz
fjord,chivw,pbxes,glaky,muntz
fjord,chivw,pbxes,mangy,klutz
jorge,bumps,chivw,fldxt,knyaz
brock,vingt,flews,japyx,zhmud
brock,vingt,seqwl,japyx,zhmud
brock,vughs,fldxt,jimpy,wanze
frock,vingt,seqwl,japyx,zhmud
bronk,chivw,fldxt,jumpy,gazes
parch,swink,fldxt,gumby,vejoz
parch,winks,fldxt,gumby,vejoz
graph,numbs,fldxt,wicky,vejoz
chirp,bungs,fldxt,mawky,vejoz
prich,bungs,fldxt,mawky,vejoz
chirp,numbs,fldxt,gawky,vejoz
prich,numbs,fldxt,gawky,vejoz
chirp,mawks,fldxt,bungy,vejoz
prich,mawks,fldxt,bungy,vejoz
chirp,swank,fldxt,gumby,vejoz
prich,swank,fldxt,gumby,vejoz
griph,numbs,fldxt,cawky,vejoz
griph,numbs,fldxt,wacky,vejoz
prick,shawm,fldxt,bungy,vejoz
prick,whams,fldxt,bungy,vejoz
prick,shawn,fldxt,gumby,vejoz
cramp,whing,fldxt,busky,vejoz
cramp,whisk,fldxt,bungy,vejoz
gramp,bunch,fldxt,skiwy,vejoz
gramp,bucks,fldxt,whiny,vejoz
gramp,winch,fldxt,busky,vejoz
gramp,chowk,fldxt,benjy,squiz
gramp,whins,fldxt,bucky,vejoz
pharm,bucks,fldxt,wingy,vejoz
prahm,bucks,fldxt,wingy,vejoz
pharm,bungs,fldxt,wicky,vejoz
prahm,bungs,fldxt,wicky,vejoz
pharm,swick,fldxt,bungy,vejoz
pharm,wicks,fldxt,bungy,vejoz
prahm,swick,fldxt,bungy,vejoz
prahm,wicks,fldxt,bungy,vejoz
pharm,swing,fldxt,bucky,vejoz
pharm,wings,fldxt,bucky,vejoz
prahm,swing,fldxt,bucky,vejoz
prahm,wings,fldxt,bucky,vejoz
crimp,bungs,fldxt,hawky,vejoz
crimp,hunks,fldxt,gawby,vejoz
crimp,whang,fldxt,busky,vejoz
crimp,hawks,fldxt,bungy,vejoz
grimp,chubs,fldxt,wanky,vejoz
grimp,subch,fldxt,wanky,vejoz
grimp,chawn,fldxt,busky,vejoz
grimp,shawn,fldxt,bucky,vejoz
grimp,quawk,fldxt,synch,vejoz
prang,whims,fldxt,bucky,vejoz
prink,chums,fldxt,gawby,vejoz
prink,chaws,fldxt,gumby,vejoz
prink,chwas,fldxt,gumby,vejoz
prink,schwa,fldxt,gumby,vejoz
backs,grump,fldxt,whiny,vejoz
backs,murph,fldxt,wingy,vejoz
backs,whing,fldxt,rumpy,vejoz
backs,wring,fldxt,humpy,vejoz
backs,whump,fldxt,girny,vejoz
backs,whump,fldxt,ringy,vejoz
becks,rajiv,whump,fldxt,zygon
becks,mordv,whing,japyx,fultz
becks,vingt,frowl,japyx,zhmud
becks,whang,fldxt,jumpy,vizor
becks,whing,fldxt,jumpy,voraz
becks,whump,fldxt,jarvy,ginzo
hacks,wring,fldxt,bumpy,vejoz
shack,wring,fldxt,bumpy,vejoz
hicks,wrang,fldxt,bumpy,vejoz
shick,wrang,fldxt,bumpy,vejoz
hicks,wramp,fldxt,bungy,vejoz
shick,wramp,fldxt,bungy,vejoz
hicks,prawn,fldxt,gumby,vejoz
shick,prawn,fldxt,gumby,vejoz
jacks,bumph,wiver,fldxt,zygon
jacks,bumph,wrive,fldxt,zygon
jacks,bumph,vower,fldxt,zingy
jacks,bumph,fldxt,grovy,winze
jacks,bumph,fldxt,grovy,wizen
jacks,bumph,fldxt,wyver,ginzo
jacks,brevi,whump,fldxt,zygon
jacks,bevor,whump,fldxt,zingy
jacks,whomp,fldxt,vying,burez
jacks,whump,fldxt,verby,ginzo
jacks,whump,fldxt,grovy,bizen
jacks,whump,fldxt,grovy,zineb
bilks,fconv,grewt,japyx,zhmud
gambs,pfund,crwth,kylix,vejoz
jambs,quick,woven,fldxt,gryph
jambs,puker,chivw,fldxt,zygon
jambs,gconv,whilk,expdt,furzy
micks,wharp,fldxt,bungy,vejoz
bangs,murph,fldxt,wicky,vejoz
bangs,whick,fldxt,rumpy,vejoz
bangs,wrick,fldxt,humpy,vejoz
bangs,whump,fldxt,ricky,vejoz
gnash,wrick,fldxt,bumpy,vejoz
hangs,wrick,fldxt,bumpy,vejoz
sangh,wrick,fldxt,bumpy,vejoz
shang,wrick,fldxt,bumpy,vejoz
nighs,crumb,fldxt,pawky,vejoz
singh,crumb,fldxt,pawky,vejoz
nighs,wrack,fldxt,bumpy,vejoz
singh,wrack,fldxt,bumpy,vejoz
nighs,wramp,fldxt,bucky,vejoz
singh,wramp,fldxt,bucky,vejoz
banks,whump,fldxt,gyric,vejoz
nicks,murph,fldxt,gawby,vejoz
snick,murph,fldxt,gawby,vejoz
nicks,whamp,fldxt,rugby,vejoz
snick,whamp,fldxt,rugby,vejoz
nicks,whomp,fldxt,jarvy,uzbeg
snick,whomp,fldxt,jarvy,uzbeg
nicks,wharp,fldxt,gumby,vejoz
snick,wharp,fldxt,gumby,vejoz
ginks,whamp,fldxt,curby,vejoz
kings,whamp,fldxt,curby,vejoz
ginks,warch,fldxt,bumpy,vejoz
kings,warch,fldxt,bumpy,vejoz
ginks,whump,fldxt,carby,vejoz
kings,whump,fldxt,carby,vejoz
knish,crump,fldxt,gawby,vejoz
jinks,whomp,fldxt,carvy,uzbeg
bocks,javer,whump,fldxt,zingy
jocks,bumph,warve,fldxt,zingy
jocks,bumph,waver,fldxt,zingy
jocks,bumph,fldxt,gravy,winze
jocks,bumph,fldxt,gravy,wizen
jocks,bumph,fldxt,wyver,zigan
jocks,brave,whump,fldxt,zingy
jocks,breva,whump,fldxt,zingy
jocks,whamp,fldxt,vying,burez
jocks,dwarf,vibex,glyph,muntz
jocks,whump,fldxt,vying,braze
jocks,whump,fldxt,vying,zebra
jocks,whump,fldxt,verby,zigan
jocks,whump,fldxt,gravy,bizen
jocks,whump,fldxt,gravy,zineb
bongs,chivw,fldxt,jumpy,karez
johns,wramp,fldxt,vicky,uzbeg
bonks,grump,chivw,fldxt,jazey
knobs,grump,chivw,fldxt,jazey
bonks,chivw,fldxt,jumpy,gazer
bonks,chivw,fldxt,jumpy,graze
knobs,chivw,fldxt,jumpy,gazer
knobs,chivw,fldxt,jumpy,graze
packs,rhumb,fldxt,wingy,vejoz
spack,rhumb,fldxt,wingy,vejoz
packs,whing,fldxt,bryum,vejoz
spack,whing,fldxt,bryum,vejoz
pecks,whang,fldxt,jumby,vizor
speck,whang,fldxt,jumby,vizor
pecks,whing,fldxt,jumby,voraz
speck,whing,fldxt,jumby,voraz
kaphs,crumb,fldxt,wingy,vejoz
picks,whang,fldxt,bryum,vejoz
spick,whang,fldxt,bryum,vejoz
gamps,whick,fldxt,burny,vejoz
gamps,whick,fldxt,runby,vejoz
pashm,wrick,fldxt,bungy,vejoz
phasm,wrick,fldxt,bungy,vejoz
pashm,wring,fldxt,bucky,vejoz
phasm,wring,fldxt,bucky,vejoz
gimps,bunch,fldxt,rawky,vejoz
gimps,chawk,fldxt,burny,vejoz
gimps,chawk,fldxt,runby,vejoz
gimps,whack,fldxt,burny,vejoz
gimps,whack,fldxt,runby,vejoz
gimps,whank,fldxt,curby,vejoz
gimps,nowch,fldxt,jarvy,uzbek
kemps,bruja,chivw,fldxt,zygon
skemp,bruja,chivw,fldxt,zygon
skimp,brugh,fldxt,cawny,vejoz
skimp,burgh,fldxt,cawny,vejoz
skimp,churn,fldxt,gawby,vejoz
skimp,runch,fldxt,gawby,vejoz
skimp,chawn,fldxt,rugby,vejoz
skimp,whang,fldxt,curby,vejoz
skimp,nowch,fldxt,jarvy,uzbeg
skimp,warch,fldxt,bungy,vejoz
pangs,rhumb,fldxt,wicky,vejoz
spang,rhumb,fldxt,wicky,vejoz
pangs,whick,fldxt,bryum,vejoz
spang,whick,fldxt,bryum,vejoz
pings,crumb,fldxt,hawky,vejoz
pings,rhumb,fldxt,cawky,vejoz
pings,rhumb,fldxt,wacky,vejoz
pings,chawk,fldxt,bryum,vejoz
pings,whack,fldxt,bryum,vejoz
pings,mowch,fldxt,jarvy,uzbek
pinks,churm,fldxt,gawby,vejoz
spink,churm,fldxt,gawby,vejoz
pinks,mowch,fldxt,jarvy,uzbeg
spink,mowch,fldxt,jarvy,uzbeg
pinks,warch,fldxt,gumby,vejoz
spink,warch,fldxt,gumby,vejoz
comps,whing,fldxt,jarvy,uzbek
spong,chivw,fldxt,jumby,karez
knops,chivw,fldxt,jumby,gazer
knops,chivw,fldxt,jumby,graze
knosp,chivw,fldxt,jumby,gazer
knosp,chivw,fldxt,jumby,graze
saqib,gconv,whump,fldxt,jerky
qophs,jumba,wreck,fldxt,vying
qophs,jumba,wreck,fldxt,zingy
qophs,evang,wrick,fldxt,jumby
qophs,ganev,wrick,fldxt,jumby
qophs,vegan,wrick,fldxt,jumby
qophs,navig,wreck,fldxt,jumby
qophs,given,wrack,fldxt,jumby
qophs,njave,wrick,fldxt,gumby
qophs,wreck,fldxt,jumby,zigan
qophs,crawm,fldxt,vying,uzbek
brags,quick,fldxt,nymph,vejoz
garbs,quick,fldxt,nymph,vejoz
grabs,quick,fldxt,nymph,vejoz
brags,whump,fldxt,nicky,vejoz
garbs,whump,fldxt,nicky,vejoz
grabs,whump,fldxt,nicky,vejoz
herbs,gconv,quawk,fldxt,jimpy
cribs,whamp,fldxt,gunky,vejoz
cribs,whamp,fldxt,kyung,vejoz
cribs,whump,fldxt,kyang,vejoz
cribs,quawk,fldxt,nymph,vejoz
brigs,munch,fldxt,pawky,vejoz
brigs,chump,fldxt,wanky,vejoz
brigs,punch,fldxt,mawky,vejoz
brigs,quack,fldxt,nymph,vejoz
brigs,quawk,fldxt,nymph,vejoz
barks,chump,fldxt,wingy,vejoz
barks,whump,fldxt,gynic,vejoz
carks,bumph,fldxt,wingy,vejoz
racks,bumph,fldxt,wingy,vejoz
carks,whing,fldxt,bumpy,vejoz
racks,whing,fldxt,bumpy,vejoz
carks,whump,fldxt,bingy,vejoz
racks,whump,fldxt,bingy,vejoz
kerbs,gconv,whump,fldxt,jizya
krebs,gconv,whump,fldxt,jizya
kerbs,chivw,fldxt,jumpy,gazon
kerbs,chivw,fldxt,jumpy,zogan
krebs,chivw,fldxt,jumpy,gazon
krebs,chivw,fldxt,jumpy,zogan
birks,gconv,whump,fldxt,jazey
brisk,gconv,whump,fldxt,jazey
birks,whump,fldxt,cangy,vejoz
brisk,whump,fldxt,cangy,vejoz
ricks,whang,fldxt,bumpy,vejoz
ricks,whamp,fldxt,bungy,vejoz
ricks,whump,fldxt,bangy,vejoz
jerks,vocab,whump,fldxt,zingy
jerks,chivw,fldxt,bumpy,gazon
jerks,chivw,fldxt,bumpy,zogan
jerks,chivw,fldxt,pungy,zambo
barms,whick,fldxt,pungy,vejoz
brims,chung,fldxt,pawky,vejoz
brims,punch,fldxt,gawky,vejoz
brims,chawk,fldxt,pungy,vejoz
brims,whack,fldxt,pungy,vejoz
mirks,punch,fldxt,gawby,vejoz
smirk,punch,fldxt,gawby,vejoz
gnars,bumph,fldxt,wicky,vejoz
gnars,whick,fldxt,bumpy,vejoz
brins,chump,fldxt,gawky,vejoz
scrin,bumph,fldxt,gawky,vejoz
girns,bumph,fldxt,cawky,vejoz
girns,bumph,fldxt,wacky,vejoz
grins,bumph,fldxt,cawky,vejoz
grins,bumph,fldxt,wacky,vejoz
rings,bumph,fldxt,cawky,vejoz
rings,bumph,fldxt,wacky,vejoz
girns,chawk,fldxt,bumpy,vejoz
girns,whack,fldxt,bumpy,vejoz
grins,chawk,fldxt,bumpy,vejoz
grins,whack,fldxt,bumpy,vejoz
rings,chawk,fldxt,bumpy,vejoz
rings,whack,fldxt,bumpy,vejoz
girns,whamp,fldxt,bucky,vejoz
grins,whamp,fldxt,bucky,vejoz
rings,whamp,fldxt,bucky,vejoz
girns,whump,fldxt,backy,vejoz
grins,whump,fldxt,backy,vejoz
rings,whump,fldxt,backy,vejoz
kirns,chump,fldxt,gawby,vejoz
rinks,chump,fldxt,gawby,vejoz
crips,whank,fldxt,gumby,vejoz
crisp,whank,fldxt,gumby,vejoz
scrip,whank,fldxt,gumby,vejoz
grips,bunch,fldxt,mawky,vejoz
prigs,bunch,fldxt,mawky,vejoz
sprig,bunch,fldxt,mawky,vejoz
parks,winch,fldxt,gumby,vejoz
spark,winch,fldxt,gumby,vejoz
perks,jumba,chivw,fldxt,zygon
perks,chivw,fldxt,jumby,gazon
perks,chivw,fldxt,jumby,zogan
skirp,munch,fldxt,gawby,vejoz
skirp,chawn,fldxt,gumby,vejoz
prams,whick,fldxt,bungy,vejoz
ramps,whick,fldxt,bungy,vejoz
sparm,whick,fldxt,bungy,vejoz
prams,whing,fldxt,bucky,vejoz
ramps,whing,fldxt,bucky,vejoz
sparm,whing,fldxt,bucky,vejoz
prims,bunch,fldxt,gawky,vejoz
prism,bunch,fldxt,gawky,vejoz
prims,chunk,fldxt,gawby,vejoz
prism,chunk,fldxt,gawby,vejoz
prims,chawk,fldxt,bungy,vejoz
prims,whack,fldxt,bungy,vejoz
prism,chawk,fldxt,bungy,vejoz
prism,whack,fldxt,bungy,vejoz
prims,whang,fldxt,bucky,vejoz
prism,whang,fldxt,bucky,vejoz
pirns,chawk,fldxt,gumby,vejoz
pirns,whack,fldxt,gumby,vejoz
hdqrs,imcnt,flowk,japyx,uzbeg
hdqrs,mujik,fconv,exptl,gawby
hdqrs,flung,twick,ampyx,vejoz
hdqrs,plumb,twick,fangy,vejoz
hdqrs,flump,twick,bangy,vejoz
hdqrs,fconv,bewig,japyx,klutz
hdqrs,fconv,bewig,ampyx,klutz
hdqrs,fconv,pumex,gawky,blitz
hdqrs,gconv,bawke,jimpy,fultz
hdqrs,gconv,wakif,exptl,jumby
hdqrs,gconv,bemix,pawky,fultz
hdqrs,gconv,exptl,jumby,kafiz
gucki,braws,fldxt,nymph,vejoz
kumbi,wrang,fldxt,psych,vejoz
bunch,gawks,fldxt,primy,vejoz
bunch,mawks,fldxt,gripy,vejoz
bunch,warks,fldxt,gimpy,vejoz
bunch,warks,fldxt,pigmy,vejoz
chung,swamp,fldxt,birky,vejoz
chung,swamp,fldxt,kirby,vejoz
chunk,braws,fldxt,gimpy,vejoz
chunk,braws,fldxt,pigmy,vejoz
minbu,swack,fldxt,gryph,vejoz
minbu,wacks,fldxt,gryph,vejoz
jumbo,pshav,wreck,fldxt,zingy
bumph,njave,fldxt,wicky,grosz
bumph,gconv,fldxt,jerky,swazi
bumph,javer,swick,fldxt,zygon
bumph,javer,wicks,fldxt,zygon
bumph,javer,gowks,fldxt,zincy
bumph,jives,wrack,fldxt,zygon
bumph,wrick,fldxt,gansy,vejoz
bumph,wrick,fldxt,yangs,vejoz
bumph,wring,fldxt,casky,vejoz
bumph,wring,fldxt,yacks,vejoz
bumph,swack,fldxt,girny,vejoz
bumph,swack,fldxt,ringy,vejoz
bumph,wacks,fldxt,girny,vejoz
bumph,wacks,fldxt,ringy,vejoz
bumph,swick,fldxt,angry,vejoz
bumph,swick,fldxt,rangy,vejoz
bumph,wicks,fldxt,angry,vejoz
bumph,wicks,fldxt,rangy,vejoz
bumph,gnaws,fldxt,ricky,vejoz
bumph,swang,fldxt,ricky,vejoz
bumph,swank,fldxt,gyric,vejoz
bumph,swink,fldxt,gracy,vejoz
bumph,winks,fldxt,gracy,vejoz
bumph,warks,fldxt,gynic,vejoz
bumph,vinew,fldxt,jacky,grosz
bumph,vower,fldxt,jacky,zings
chump,gawks,fldxt,benjy,vizor
chump,gawks,fldxt,birny,vejoz
chump,gawks,fldxt,briny,vejoz
chump,gnaws,fldxt,birky,vejoz
chump,gnaws,fldxt,kirby,vejoz
chump,swang,fldxt,birky,vejoz
chump,swang,fldxt,kirby,vejoz
chump,swing,fldxt,barky,vejoz
chump,swing,fldxt,braky,vejoz
chump,wings,fldxt,barky,vejoz
chump,wings,fldxt,braky,vejoz
chump,gowks,fldxt,jarvy,bizen
chump,gowks,fldxt,jarvy,zineb
chump,warks,fldxt,bingy,vejoz
quack,verbs,whomp,fldxt,zingy
quack,whomp,fldxt,verby,zings
quick,njave,wombs,fldxt,gryph
quick,verbs,whamp,fldxt,zygon
quick,whamp,fldxt,benjy,grosz
quick,braws,fldxt,nymph,vejoz
manqu,swick,fldxt,gryph,vejoz
manqu,wicks,fldxt,gryph,vejoz
burga,swick,fldxt,nymph,vejoz
burga,wicks,fldxt,nymph,vejoz
brugh,swink,fldxt,campy,vejoz
brugh,winks,fldxt,campy,vejoz
burgh,swink,fldxt,campy,vejoz
burgh,winks,fldxt,campy,vejoz
brugh,swamp,fldxt,nicky,vejoz
burgh,swamp,fldxt,nicky,vejoz
brugh,pawns,fldxt,micky,vejoz
brugh,spawn,fldxt,micky,vejoz
burgh,pawns,fldxt,micky,vejoz
burgh,spawn,fldxt,micky,vejoz
urbic,gawks,fldxt,nymph,vejoz
crumb,whang,fldxt,pisky,vejoz
crumb,whang,fldxt,spiky,vejoz
crumb,whank,fldxt,gipsy,vejoz
crumb,whips,fldxt,kyang,vejoz
crumb,whisp,fldxt,kyang,vejoz
rhumb,gnaws,fldxt,picky,vejoz
rhumb,swang,fldxt,picky,vejoz
crump,whigs,fldxt,banky,vejoz
crump,hawks,fldxt,bingy,vejoz
crump,whisk,fldxt,bangy,vejoz
grump,whins,fldxt,backy,vejoz
grump,swank,fldxt,bichy,vejoz
murph,swack,fldxt,bingy,vejoz
murph,wacks,fldxt,bingy,vejoz
murph,swick,fldxt,bangy,vejoz
murph,wicks,fldxt,bangy,vejoz
murph,swing,fldxt,backy,vejoz
murph,wings,fldxt,backy,vejoz
gibus,wrack,fldxt,nymph,vejoz
bucks,javer,whomp,fldxt,zingy
bucks,whang,fldxt,primy,vejoz
bucks,whamp,fldxt,girny,vejoz
bucks,whamp,fldxt,ringy,vejoz
bucks,wring,fldxt,yamph,vejoz
bucks,wring,fldxt,pamhy,vejoz
bucks,wring,fldxt,phyma,vejoz
bucks,wharp,fldxt,mingy,vejoz
bucks,wramp,fldxt,hying,vejoz
gucks,whamp,fldxt,benjy,vizor
gucks,whamp,fldxt,birny,vejoz
gucks,whamp,fldxt,briny,vejoz
gucks,whomp,fldxt,jarvy,bizen
gucks,whomp,fldxt,jarvy,zineb
hucks,brawn,fldxt,gimpy,vejoz
hucks,brawn,fldxt,pigmy,vejoz
shuck,brawn,fldxt,gimpy,vejoz
shuck,brawn,fldxt,pigmy,vejoz
hucks,wramp,fldxt,bingy,vejoz
shuck,wramp,fldxt,bingy,vejoz
dumbs,gconv,whelk,japyx,fritz
mucks,wharp,fldxt,bingy,vejoz
bungs,chawk,fldxt,primy,vejoz
bungs,whack,fldxt,primy,vejoz
bungs,whamp,fldxt,ricky,vejoz
bungs,wrick,fldxt,yamph,vejoz
bungs,wrick,fldxt,pamhy,vejoz
bungs,wrick,fldxt,phyma,vejoz
bungs,wharp,fldxt,micky,vejoz
bungs,wramp,fldxt,hicky,vejoz
bunks,whamp,fldxt,gyric,vejoz
bunks,warch,fldxt,gimpy,vejoz
bunks,warch,fldxt,pigmy,vejoz
gunks,wramp,fldxt,bichy,vejoz
junks,chivw,fldxt,grype,zambo
numbs,chawk,fldxt,gripy,vejoz
numbs,whack,fldxt,gripy,vejoz
numbs,whick,fldxt,grapy,vejoz
pucks,whing,fldxt,ambry,vejoz
pucks,whing,fldxt,barmy,vejoz
bumps,jahve,wrick,fldxt,zygon
bumps,javer,whick,fldxt,zygon
bumps,javer,chowk,fldxt,zingy
bumps,chawk,fldxt,girny,vejoz
bumps,chawk,fldxt,ringy,vejoz
bumps,whack,fldxt,girny,vejoz
bumps,whack,fldxt,ringy,vejoz
bumps,whick,fldxt,angry,vejoz
bumps,whick,fldxt,rangy,vejoz
bumps,whang,fldxt,ricky,vejoz
bumps,whank,fldxt,gyric,vejoz
bumps,wrack,fldxt,hying,vejoz
bumps,wrang,fldxt,hicky,vejoz
bumps,wring,fldxt,chyak,vejoz
bumps,wring,fldxt,hacky,vejoz
bumps,chivw,fldxt,jerky,gazon
bumps,chivw,fldxt,jerky,zogan
humps,wrack,fldxt,bingy,vejoz
sumph,wrack,fldxt,bingy,vejoz
humps,wrick,fldxt,bangy,vejoz
sumph,wrick,fldxt,bangy,vejoz
humps,wring,fldxt,backy,vejoz
sumph,wring,fldxt,backy,vejoz
jumps,behav,wrick,fldxt,zygon
jumps,brave,whick,fldxt,zygon
jumps,breva,whick,fldxt,zygon
jumps,brave,chowk,fldxt,zingy
jumps,breva,chowk,fldxt,zingy
jumps,brevi,chawk,fldxt,zygon
jumps,brevi,whack,fldxt,zygon
jumps,bevor,chawk,fldxt,zingy
jumps,bevor,whack,fldxt,zingy
jumps,chawk,fldxt,verby,ginzo
jumps,whack,fldxt,verby,ginzo
jumps,chawk,fldxt,grovy,bizen
jumps,chawk,fldxt,grovy,zineb
jumps,whack,fldxt,grovy,bizen
jumps,whack,fldxt,grovy,zineb
jumps,whick,fldxt,verby,gazon
jumps,whick,fldxt,verby,zogan
jumps,whick,fldxt,gravy,benzo
jumps,whick,fldxt,gravy,bonze
jumps,whick,fldxt,grovy,bezan
jumps,whang,fldxt,becky,vizor
jumps,whing,fldxt,becky,voraz
jumps,chowk,fldxt,vying,braze
jumps,chowk,fldxt,vying,zebra
jumps,chowk,fldxt,verby,zigan
jumps,chowk,fldxt,gravy,bizen
jumps,chowk,fldxt,gravy,zineb
pungs,whick,fldxt,ambry,vejoz
pungs,whick,fldxt,barmy,vejoz
spung,whick,fldxt,ambry,vejoz
spung,whick,fldxt,barmy,vejoz
pungs,chivw,fldxt,jerky,zambo
spung,chivw,fldxt,jerky,zambo
squab,wrick,fldxt,nymph,vejoz
quags,wrick,fldxt,nymph,vejoz
squib,gconv,whamp,fldxt,jerky
squib,wrack,fldxt,nymph,vejoz
curbs,whank,fldxt,gimpy,vejoz
curbs,whank,fldxt,pigmy,vejoz
scrub,whank,fldxt,gimpy,vejoz
scrub,whank,fldxt,pigmy,vejoz
burgs,whamp,fldxt,nicky,vejoz
grubs,whamp,fldxt,nicky,vejoz
brusk,chawn,fldxt,gimpy,vejoz
brusk,chawn,fldxt,pigmy,vejoz
brusk,whing,fldxt,campy,vejoz
brusk,whamp,fldxt,gynic,vejoz
rucks,whamp,fldxt,bingy,vejoz
burns,chawk,fldxt,gimpy,vejoz
burns,chawk,fldxt,pigmy,vejoz
burns,whack,fldxt,gimpy,vejoz
burns,whack,fldxt,pigmy,vejoz
burps,chawk,fldxt,mingy,vejoz
burps,whack,fldxt,mingy,vejoz
burps,whick,fldxt,mangy,vejoz
burps,whang,fldxt,micky,vejoz
burps,whing,fldxt,mckay,vejoz
sprug,whick,fldxt,namby,vejoz
rumps,chawk,fldxt,bingy,vejoz
rumps,whack,fldxt,bingy,vejoz
rumps,whick,fldxt,bangy,vejoz
rumps,whing,fldxt,backy,vejoz
qursh,gconv,bawke,fldxt,jimpy
avick,whump,fldxt,benjy,grosz
njave,whick,fldxt,bumpy,grosz
vocab,whump,fldxt,jerky,zings
fconv,mawks,judex,gryph,blitz
gconv,whilk,expdt,jumby,zarfs
gconv,whamp,fldxt,jerky,squiz
gconv,hawks,fldxt,jimpy,burez
gconv,hawks,fldxt,jumby,prize
gconv,whisk,fldxt,jumpy,braze
gconv,whisk,fldxt,jumpy,zebra
gconv,whips,fldxt,jumby,karez
gconv,whisp,fldxt,jumby,karez
gconv,shrew,fldxt,jimpy,uzbak
gconv,wersh,fldxt,jimpy,uzbak
gconv,whump,fldxt,jerky,sabzi
paven,whick,fldxt,jumby,grosz
brave,chowk,fldxt,jumpy,zings
breva,chowk,fldxt,jumpy,zings
javer,chowk,fldxt,bumpy,zings
javer,whomp,fldxt,bucky,zings
bevor,chawk,fldxt,jumpy,zings
bevor,whack,fldxt,jumpy,zings
bevor,whump,fldxt,jacky,zings
mordv,whing,pbxes,jacky,fultz
parve,chowk,fldxt,jumby,zings
paver,chowk,fldxt,jumby,zings
verpa,chowk,fldxt,jumby,zings
prove,chawk,fldxt,jumby,zings
prove,whack,fldxt,jumby,zings
schav,grown,fldxt,jimpy,uzbek
schav,wrong,fldxt,jimpy,uzbek
vangs,chowk,fldxt,jimpy,burez
vangs,chowk,fldxt,jumby,prize
pshav,wreck,fldxt,jumby,ginzo
vamps,wrick,fldxt,benjy,oghuz
verbs,chawk,fldxt,jumpy,ginzo
verbs,whack,fldxt,jumpy,ginzo
verbs,whick,fldxt,jumpy,gazon
verbs,whick,fldxt,jumpy,zogan
verbs,chowk,fldxt,jumpy,zigan
verbs,whump,fldxt,jacky,ginzo
vingt,frowl,pbxes,jacky,zhmud
vughs,wrack,fldxt,jimpy,benzo
vughs,wrack,fldxt,jimpy,bonze
supvr,chawk,fldxt,benjy,gizmo
supvr,whack,fldxt,benjy,gizmo
